trial_id,seed,controller,planner,contact,perception,offset_mm,spiral_radius_mm,noise_sigma_mm,success,failure_reason,insertion_time,peak_force,mean_force,jamming_count,retry_count,final_pose_error,compute_time,preinsert_pose_error,path_length,smoothness,max_joint_vel,max_joint_accel,solve_time,initial_contact_force,pose_estimation_error,effective_offset
0,0,impedance,waypoint,spiral,gt,0.0,6.0,,1,,10.064,30.2627,16.548,0,0,0.000421,1.0745,0.004284,0.311902,11.3318,1.3039,335.0311,0.0,0.0,0.0,0.0
1,1,impedance,waypoint,spiral,gt,0.0,6.0,,1,,10.232,46.3483,20.4083,0,0,0.00037,1.0713,0.004401,0.311937,11.3072,1.1936,336.1475,0.0,0.0,0.0,0.0
2,2,impedance,waypoint,spiral,gt,0.0,6.0,,1,,10.13,34.6257,23.8759,0,0,0.000492,1.0037,0.004564,0.31182,11.2567,1.2565,313.3439,0.0,0.0,0.0,0.0
3,3,impedance,waypoint,spiral,gt,0.0,6.0,,1,,10.166,33.3748,22.1623,0,0,0.00031,1.0207,0.004329,0.311937,11.2129,1.3088,329.4785,0.0,0.0,0.0,0.0
4,4,impedance,waypoint,spiral,gt,0.0,6.0,,1,,10.078,28.0895,16.0553,0,0,0.000838,1.0566,0.004638,0.311958,11.3014,1.1961,329.2471,0.0,0.0,0.0,0.0
5,5,impedance,waypoint,spiral,gt,0.0,6.0,,1,,10.112,34.607,18.5015,0,0,0.000196,0.9956,0.004435,0.312176,11.494,1.2643,338.2654,0.0,0.0,0.0,0.0
6,6,impedance,waypoint,spiral,gt,0.0,6.0,,1,,10.138,33.501,20.5105,0,0,0.000626,1.0044,0.004523,0.311906,11.2861,1.1898,311.5845,0.0,0.0,0.0,0.0
7,7,impedance,waypoint,spiral,gt,0.0,6.0,,1,,10.086,30.2683,17.512,0,0,0.000535,1.0068,0.004674,0.311965,11.3224,1.3069,324.3009,0.0,0.0,0.0,0.0
8,8,impedance,waypoint,spiral,gt,0.0,6.0,,1,,10.048,30.4382,13.8694,0,0,0.000577,1.0681,0.004589,0.31229,11.5394,1.3068,318.5897,0.0,0.0,0.0,0.0
9,9,impedance,waypoint,spiral,gt,0.0,6.0,,1,,10.1,27.5368,15.1075,0,0,0.000563,1.0272,0.004411,0.311981,11.4604,1.2556,315.8024,0.0,0.0,0.0,0.0
10,10,impedance,waypoint,spiral,gt,0.0,6.0,,1,,10.13,28.638,15.1676,0,0,0.000907,1.0129,0.004584,0.31197,11.2546,1.1934,311.426,0.0,0.0,0.0,0.0
11,11,impedance,waypoint,spiral,gt,0.0,6.0,,1,,10.08,34.7419,20.0471,0,0,0.000345,1.0068,0.004814,0.311924,11.1559,1.1955,320.0228,0.0,0.0,0.0,0.0
12,12,impedance,waypoint,spiral,gt,0.0,6.0,,1,,10.084,34.1022,19.436,0,0,0.000431,1.0402,0.004557,0.311991,11.3043,1.3067,329.8972,0.0,0.0,0.0,0.0
13,13,impedance,waypoint,spiral,gt,0.0,6.0,,1,,10.166,38.1337,19.9887,0,0,0.000523,1.0673,0.004172,0.311903,11.4252,1.2611,312.9626,0.0,0.0,0.0,0.0
14,14,impedance,waypoint,spiral,gt,0.0,6.0,,1,,10.192,28.5437,18.0777,0,0,0.000439,1.0375,0.004539,0.312108,11.4073,1.3074,315.3878,0.0,0.0,0.0,0.0
15,15,impedance,waypoint,spiral,gt,0.0,6.0,,1,,10.11,31.3228,15.8004,0,0,0.000926,1.0212,0.004964,0.310974,11.5907,1.308,308.9389,0.0,0.0,0.0,0.0
16,16,impedance,waypoint,spiral,gt,0.0,6.0,,1,,10.126,30.3813,17.2841,0,0,0.000341,1.0557,0.004306,0.312187,11.4728,1.3109,336.2394,0.0,0.0,0.0,0.0
17,17,impedance,waypoint,spiral,gt,0.0,6.0,,1,,10.096,25.3335,14.2135,0,0,0.001308,1.0086,0.004345,0.311937,11.3031,1.3078,331.2808,0.0,0.0,0.0,0.0
18,18,impedance,waypoint,spiral,gt,0.0,6.0,,1,,10.124,27.7121,14.6299,0,0,0.000334,1.1013,0.004429,0.311873,11.3774,1.2625,311.4347,0.0,1.5418,0.0,0.0
19,19,impedance,waypoint,spiral,gt,0.0,6.0,,1,,10.178,28.6463,15.8906,0,0,0.000641,1.0637,0.004431,0.312036,11.3681,1.308,332.5885,0.0,0.0,0.0,0.0
20,20,impedance,waypoint,spiral,gt,0.0,6.0,,1,,10.168,43.906,19.0859,0,0,0.000276,1.0209,0.004687,0.312249,11.6242,1.3057,323.7242,0.0,0.0,0.0,0.0
21,21,impedance,waypoint,spiral,gt,0.0,6.0,,1,,10.138,41.8988,21.6405,0,0,0.000321,1.0738,0.004603,0.312109,11.4088,1.3069,299.6959,0.0,0.0,0.0,0.0
22,22,impedance,waypoint,spiral,gt,0.0,6.0,,1,,10.036,34.2621,19.8903,0,0,0.000409,1.0445,0.004272,0.311759,11.1321,1.3078,319.1236,0.0,1.5123,0.0,0.0
23,23,impedance,waypoint,spiral,gt,0.0,6.0,,1,,10.09,37.4124,18.5516,0,0,0.000547,0.9999,0.004774,0.31202,11.1929,1.3069,311.6771,0.0,0.0,0.0,0.0
24,24,impedance,waypoint,spiral,gt,0.0,6.0,,1,,10.142,34.5697,17.7909,0,0,0.000529,1.015,0.004998,0.310836,11.1803,1.2562,331.7655,0.0,0.0,0.0,0.0
25,25,impedance,waypoint,spiral,gt,0.0,6.0,,1,,10.19,39.6175,18.2873,0,0,0.000323,1.0071,0.004644,0.312147,11.4388,1.1933,304.6547,0.0,0.0,0.0,0.0
26,26,impedance,waypoint,spiral,gt,0.0,6.0,,1,,10.134,30.4069,18.5864,0,0,0.000626,1.0401,0.004716,0.311957,11.2696,1.2578,313.8299,0.0,0.0,0.0,0.0
27,27,impedance,waypoint,spiral,gt,0.0,6.0,,1,,10.076,30.5737,16.6266,0,0,0.000771,1.002,0.004493,0.311985,11.3234,1.3094,336.9227,0.0,0.0,0.0,0.0
28,28,impedance,waypoint,spiral,gt,0.0,6.0,,1,,10.032,29.4251,16.1165,0,0,0.000423,1.0445,0.004415,0.311848,11.145,1.3092,321.2501,0.0,0.0,0.0,0.0
29,29,impedance,waypoint,spiral,gt,0.0,6.0,,1,,10.182,35.652,18.9515,0,0,0.000669,1.0529,0.004314,0.311839,11.1844,1.1944,307.9261,0.0,0.0,0.0,0.0
30,0,impedance,waypoint,spiral,gt,3.0,6.0,,1,,10.064,28.028,16.0733,0,0,0.002833,1.0539,0.004818,0.312251,11.3201,1.3028,332.5877,0.0,0.0,0.0,0.003
31,1,impedance,waypoint,spiral,gt,3.0,6.0,,1,,10.232,44.1561,20.6693,0,0,0.002627,1.0233,0.004901,0.312284,11.2975,1.1925,333.7009,0.0,0.0,0.0,0.003
32,2,impedance,waypoint,spiral,gt,3.0,6.0,,1,,10.13,35.1957,23.2201,0,0,0.002735,1.0394,0.004083,0.313188,11.2501,1.2556,310.9004,0.0,0.0,0.0,0.003
33,3,impedance,waypoint,spiral,gt,3.0,6.0,,1,,10.166,31.7934,21.8103,0,0,0.00272,1.0241,0.004854,0.312286,11.1999,1.3077,327.0352,0.0,0.0,0.0,0.003
34,4,impedance,waypoint,spiral,gt,3.0,6.0,,1,,10.078,28.051,16.5778,0,0,0.002883,1.0172,0.004236,0.313329,11.3053,1.195,326.8059,0.0,0.0,0.0,0.003
35,5,impedance,waypoint,spiral,gt,3.0,6.0,,1,,10.112,34.5226,18.4481,0,0,0.002843,1.0597,0.004981,0.312511,11.4071,1.2632,335.8278,0.0,0.0,0.0,0.003
36,6,impedance,waypoint,spiral,gt,3.0,6.0,,1,,10.138,33.5016,20.1788,0,0,0.002619,1.0512,0.004069,0.313279,11.2896,1.1887,309.1408,0.0,0.0,0.0,0.003
37,7,impedance,waypoint,spiral,gt,3.0,6.0,,1,,10.102,27.8534,16.0134,0,0,0.002688,1.032,0.004046,0.313338,11.3209,1.3058,321.8601,0.0,0.0,0.0,0.003
38,8,impedance,waypoint,spiral,gt,3.0,6.0,,1,,10.048,30.8859,14.0095,0,0,0.002826,1.0537,0.00466,0.313667,11.5226,1.3058,316.1514,0.0,0.0,0.0,0.003
39,9,impedance,waypoint,spiral,gt,3.0,6.0,,1,,10.1,27.5532,15.0794,0,0,0.002572,1.0635,0.004943,0.312324,11.3654,1.2545,313.3576,0.0,0.0,0.0,0.003
40,10,impedance,waypoint,spiral,gt,3.0,6.0,,1,,10.13,28.716,15.2521,0,0,0.002711,1.047,0.004262,0.313343,11.2493,1.1924,308.9835,0.0,0.0,0.0,0.003
41,11,impedance,waypoint,spiral,gt,3.0,6.0,,1,,10.08,34.7205,20.0129,0,0,0.002808,1.0041,0.004372,0.31331,11.1167,1.1944,317.5843,0.0,0.0,0.0,0.003
42,12,impedance,waypoint,spiral,gt,3.0,6.0,,1,,10.084,36.2956,19.4964,0,0,0.002573,1.0326,0.004257,0.313364,11.3007,1.3056,327.4534,0.0,0.0,0.0,0.003
43,13,impedance,waypoint,spiral,gt,3.0,6.0,,1,,10.166,39.7873,20.0253,0,0,0.002476,1.0725,0.004693,0.312265,11.3682,1.2601,310.5154,0.0,0.0,0.0,0.003
44,14,impedance,waypoint,spiral,gt,3.0,6.0,,1,,10.192,28.7789,18.513,0,0,0.003001,1.0114,0.004505,0.313479,11.3911,1.3064,312.9515,0.0,0.0,0.0,0.003
45,15,impedance,waypoint,spiral,gt,3.0,6.0,,1,,10.11,29.1281,15.5017,0,0,0.002507,1.0538,0.004611,0.312388,11.6428,1.3069,306.4914,0.0,0.0,0.0,0.003
46,16,impedance,waypoint,spiral,gt,3.0,6.0,,1,,10.126,30.4678,17.2164,0,0,0.002832,1.0178,0.004826,0.312547,11.4171,1.3098,333.8008,0.0,0.0,0.0,0.003
47,17,impedance,waypoint,spiral,gt,3.0,6.0,,1,,10.096,25.6814,14.1763,0,0,0.003151,1.0302,0.00488,0.312285,11.2875,1.3067,328.8375,0.0,0.0,0.0,0.003
48,18,impedance,waypoint,spiral,gt,3.0,6.0,,1,,10.124,27.5725,14.6573,0,0,0.002938,1.0382,0.004997,0.312194,11.2401,1.2614,308.9892,0.0,1.5418,0.0,0.003
49,19,impedance,waypoint,spiral,gt,3.0,6.0,,1,,10.178,28.5172,15.4007,0,0,0.002772,1.0512,0.004965,0.312378,11.2835,1.3069,330.1463,0.0,0.0,0.0,0.003
50,20,impedance,waypoint,spiral,gt,3.0,6.0,,1,,10.168,43.9071,19.0773,0,0,0.002864,1.0801,0.004424,0.313623,11.6109,1.3046,321.2858,0.0,0.0,0.0,0.003
51,21,impedance,waypoint,spiral,gt,3.0,6.0,,1,,10.138,41.8401,21.6052,0,0,0.002712,1.0733,0.004104,0.313481,11.4025,1.3059,297.2554,0.0,0.0,0.0,0.003
52,22,impedance,waypoint,spiral,gt,3.0,6.0,,1,,10.042,37.5582,18.8327,0,0,0.002508,1.0251,0.004763,0.312106,11.1087,1.3067,316.6786,0.0,1.5123,0.0,0.003
53,23,impedance,waypoint,spiral,gt,3.0,6.0,,1,,10.09,32.657,18.4206,0,0,0.00267,1.0234,0.004372,0.313396,11.1783,1.3059,309.2383,0.0,0.0,0.0,0.003
54,24,impedance,waypoint,spiral,gt,3.0,6.0,,1,,10.142,34.5218,17.8903,0,0,0.002486,1.054,0.004786,0.312225,11.2995,1.2551,329.3203,0.0,0.0,0.0,0.003
55,25,impedance,waypoint,spiral,gt,3.0,6.0,,1,,10.19,39.6106,18.2841,0,0,0.003229,1.0609,0.004343,0.313535,11.3998,1.1922,302.2183,0.0,0.0,0.0,0.003
56,26,impedance,waypoint,spiral,gt,3.0,6.0,,1,,10.134,32.1012,18.2196,0,0,0.002624,1.0084,0.004404,0.313328,11.2597,1.2568,311.3863,0.0,0.0,0.0,0.003
57,27,impedance,waypoint,spiral,gt,3.0,6.0,,1,,10.076,33.5852,16.7945,0,0,0.002549,1.0092,0.004992,0.312332,11.3092,1.3083,334.4773,0.0,0.0,0.0,0.003
58,28,impedance,waypoint,spiral,gt,3.0,6.0,,1,,10.032,27.3734,15.8246,0,0,0.002686,0.9974,0.004943,0.312196,11.1323,1.3081,318.8051,0.0,0.0,0.0,0.003
59,29,impedance,waypoint,spiral,gt,3.0,6.0,,1,,10.182,35.6398,18.9433,0,0,0.002393,1.07,0.004841,0.312188,11.1638,1.1933,305.4796,0.0,0.0,0.0,0.003
60,0,impedance,waypoint,spiral,gt,6.0,6.0,,1,,11.56,40.3352,19.0221,3,3,0.003812,1.2112,0.004634,0.313628,11.2994,1.3016,330.153,0.0,1.8269,0.0,0.006
61,1,impedance,waypoint,spiral,gt,6.0,6.0,,1,,10.232,38.8225,6.1004,0,0,0.002132,1.1886,0.004626,0.313678,11.3317,1.1914,331.2627,0.0,1.9139,0.0,0.006
62,2,impedance,waypoint,spiral,gt,6.0,6.0,,1,,10.13,37.7306,6.1834,0,0,0.002505,1.1565,0.004621,0.313557,11.1833,1.2545,308.4653,0.0,1.6293,0.0,0.006
63,3,impedance,waypoint,spiral,gt,6.0,6.0,,1,,11.468,42.7524,22.3246,3,3,0.003726,1.1855,0.004584,0.31368,11.2364,1.3066,324.6004,0.0,1.6566,0.0,0.006
64,4,impedance,waypoint,spiral,gt,6.0,6.0,,1,,10.078,34.226,6.2748,0,0,0.002208,1.1047,0.004777,0.313695,11.2432,1.1938,324.3732,0.0,1.5125,0.0,0.006
65,5,impedance,waypoint,spiral,gt,6.0,6.0,,1,,10.112,38.7858,11.5296,0,0,0.002621,1.1615,0.004784,0.313911,11.4359,1.262,333.3987,0.0,1.5259,0.0,0.006
66,6,impedance,waypoint,spiral,gt,6.0,6.0,,1,,10.138,33.6795,5.656,0,0,0.002644,1.1809,0.004608,0.313642,11.2195,1.1877,306.7056,0.0,1.528,0.0,0.006
67,7,impedance,waypoint,spiral,gt,6.0,6.0,,1,,10.086,37.5129,6.2782,0,0,0.002764,1.1196,0.004585,0.313703,11.2646,1.3047,319.4278,0.0,1.9574,0.0,0.006
68,8,impedance,waypoint,spiral,gt,6.0,6.0,,1,,10.048,31.1922,6.7314,0,0,0.000557,1.1186,0.004179,0.31505,11.5634,1.3047,313.7216,0.0,1.7214,0.0,0.006
69,9,impedance,waypoint,spiral,gt,6.0,6.0,,1,,10.1,28.4549,6.1059,0,0,0.002705,1.131,0.004655,0.313718,11.3898,1.2534,310.9212,0.0,1.7226,0.0,0.006
70,10,impedance,waypoint,spiral,gt,6.0,6.0,,1,,10.13,35.4073,6.8254,0,0,0.003958,1.1824,0.004806,0.313708,11.1868,1.1913,306.5494,0.0,1.5618,0.0,0.006
71,11,impedance,waypoint,spiral,gt,6.0,6.0,,1,,10.08,36.2204,6.5418,0,0,0.002862,1.1046,0.004925,0.313661,11.1046,1.1932,315.1541,0.0,1.6113,0.0,0.006
72,12,impedance,waypoint,spiral,gt,6.0,6.0,,1,,10.084,37.2643,9.3498,0,0,0.003194,1.1519,0.004794,0.313728,11.2497,1.3045,325.018,0.0,1.5258,0.0,0.006
73,13,impedance,waypoint,spiral,gt,6.0,6.0,,1,,10.614,33.0639,7.3102,1,1,0.003172,1.2285,0.004432,0.313643,11.3518,1.259,308.0766,0.0,1.5374,0.0,0.006
74,14,impedance,waypoint,spiral,gt,6.0,6.0,,1,,10.176,32.9482,7.4827,0,0,0.002724,1.1411,0.003875,0.314855,11.432,1.3053,310.5237,0.0,1.6761,0.0,0.006
75,15,impedance,waypoint,spiral,gt,6.0,6.0,,1,,10.11,33.6151,7.9844,0,0,0.002614,1.2201,0.003995,0.313761,11.6299,1.3058,304.0523,0.0,1.6461,0.0,0.006
76,16,impedance,waypoint,spiral,gt,6.0,6.0,,1,,10.126,38.5495,6.9398,0,0,0.000722,1.1712,0.004787,0.31394,11.4459,1.3086,331.3707,0.0,1.5002,0.0,0.006
77,17,impedance,waypoint,spiral,gt,6.0,6.0,,1,,10.082,38.2368,6.6038,0,0,0.004116,1.1889,0.004571,0.313662,11.2677,1.3055,326.4028,0.0,1.8018,0.0,0.006
78,18,impedance,waypoint,spiral,gt,6.0,6.0,,1,,11.616,41.1628,18.5329,3,3,0.003969,1.231,0.004632,0.31359,11.2618,1.2604,306.5521,0.0,1.5418,0.0,0.006
79,19,impedance,waypoint,spiral,gt,6.0,6.0,,1,,10.18,31.5078,7.8939,0,0,0.001328,1.2061,0.004568,0.313772,11.3095,1.3057,327.7126,0.0,1.5088,0.0,0.006
80,20,impedance,waypoint,spiral,gt,6.0,6.0,,1,,11.156,40.8207,12.3462,2,2,0.001194,1.3266,0.00497,0.313988,11.5507,1.3036,318.8558,0.0,2.1556,0.0,0.006
81,21,impedance,waypoint,spiral,gt,6.0,6.0,,1,,10.138,34.9718,6.3619,0,0,0.001415,1.1907,0.004641,0.313844,11.3413,1.3048,294.8231,0.0,1.6062,0.0,0.006
82,22,impedance,waypoint,spiral,gt,6.0,6.0,,1,,10.036,34.3481,7.5036,0,0,0.001291,1.2108,0.004557,0.313483,11.0955,1.3056,314.2421,0.0,1.6199,0.0,0.006
83,23,impedance,waypoint,spiral,gt,6.0,6.0,,1,,10.09,31.7761,5.929,0,0,0.003971,1.1719,0.004913,0.313758,11.1321,1.3048,306.8079,0.0,1.6839,0.0,0.006
84,24,impedance,waypoint,spiral,gt,6.0,6.0,,1,,10.142,28.0699,5.5596,0,0,0.002581,1.1911,0.004455,0.313602,11.2874,1.254,326.8837,0.0,1.6007,0.0,0.006
85,25,impedance,waypoint,spiral,gt,6.0,6.0,,1,,10.184,39.1974,11.8587,0,0,0.002179,1.1782,0.004857,0.313885,11.3736,1.1911,299.7904,0.0,1.5995,0.0,0.006
86,26,impedance,waypoint,spiral,gt,6.0,6.0,,1,,11.398,33.7061,7.9898,3,3,0.003535,1.1854,0.00494,0.313694,11.2041,1.2557,308.951,0.0,1.6536,0.0,0.006
87,27,impedance,waypoint,spiral,gt,6.0,6.0,,1,,10.076,34.098,5.7645,0,0,0.000822,1.1321,0.004557,0.313709,11.2903,1.3071,332.0402,0.0,1.882,0.0,0.006
88,28,impedance,waypoint,spiral,gt,6.0,6.0,,1,,10.032,36.6452,8.0514,0,0,0.002844,1.1416,0.004609,0.313571,11.116,1.3069,316.3686,0.0,1.5217,0.0,0.006
89,29,impedance,waypoint,spiral,gt,6.0,6.0,,1,,10.182,34.8496,5.1224,0,0,0.002068,1.1393,0.004551,0.313564,11.1384,1.1922,303.0416,0.0,1.5437,0.0,0.006
90,0,impedance,waypoint,spiral,gt-noise,0.0,6.0,,1,,10.322,31.6645,14.867,0,0,0.001328,3.2137,0.004656,0.310518,11.1473,1.1967,322.8143,0.0,1.8366,0.001411,0.001411
91,1,impedance,waypoint,spiral,gt-noise,0.0,6.0,,1,,10.304,30.5987,13.5541,0,0,0.000252,3.005,0.004325,0.311855,11.2606,1.1902,312.3207,0.0,1.7848,0.000621,0.000621
92,2,impedance,waypoint,spiral,gt-noise,0.0,6.0,,1,,10.35,31.5903,16.1082,0,0,0.000998,3.0804,0.003999,0.313107,11.3948,1.1941,313.5366,0.0,1.6673,0.001166,0.001166
93,3,impedance,waypoint,spiral,gt-noise,0.0,6.0,,1,,10.316,30.3126,14.9279,0,0,0.003478,3.0644,0.004191,0.313426,11.3995,1.1932,313.5373,0.0,1.6213,0.003349,0.003349
94,4,impedance,waypoint,spiral,gt-noise,0.0,6.0,,1,,10.278,29.5556,19.3304,0,0,0.000146,3.2215,0.004939,0.310787,11.2346,1.1934,309.6473,0.0,0.0,0.001611,0.001611
95,5,impedance,waypoint,spiral,gt-noise,0.0,6.0,,1,,10.326,36.1051,18.0285,0,0,0.002052,3.135,0.004186,0.313277,11.2494,1.1905,311.9247,0.0,1.7049,0.002066,0.002066
96,6,impedance,waypoint,spiral,gt-noise,0.0,6.0,,1,,10.362,38.5866,19.9012,0,0,0.001067,3.0473,0.004225,0.31305,11.4977,1.1938,305.0281,0.0,1.6453,0.00122,0.00122
97,7,impedance,waypoint,spiral,gt-noise,0.0,6.0,,1,,10.324,30.3593,14.997,0,0,0.000714,3.0627,0.004409,0.31182,11.1963,1.1929,312.7635,0.0,1.5493,0.000867,0.000867
98,8,impedance,waypoint,spiral,gt-noise,0.0,6.0,,1,,10.316,32.5314,15.5311,0,0,0.001651,3.0589,0.004123,0.313607,11.6735,1.3025,325.7743,0.0,1.5398,0.001591,0.001591
99,9,impedance,waypoint,spiral,gt-noise,0.0,6.0,,1,,10.268,30.7987,22.2461,0,0,0.002376,3.0266,0.004489,0.309053,11.2591,1.1938,318.6397,0.0,0.0,0.00262,0.00262
100,10,impedance,waypoint,spiral,gt-noise,0.0,6.0,,1,,10.82,40.4033,19.9485,1,1,0.002133,3.1358,0.0043,0.311764,11.4734,1.1893,317.6215,0.0,1.7778,0.001199,0.001199
101,11,impedance,waypoint,spiral,gt-noise,0.0,6.0,,1,,10.334,31.6418,15.9793,0,0,0.002194,3.1059,0.004141,0.313048,11.2351,1.1943,320.5528,0.0,1.6522,0.002424,0.002424
102,12,impedance,waypoint,spiral,gt-noise,0.0,6.0,,1,,10.312,31.5853,14.9773,0,0,0.000971,3.1276,0.004489,0.311948,11.2099,1.1916,311.0519,0.0,1.6698,0.001115,0.001115
103,13,impedance,waypoint,spiral,gt-noise,0.0,6.0,,1,,10.298,33.0918,15.7586,0,0,0.000792,3.0531,0.00474,0.312101,11.3252,1.1953,321.3145,0.0,1.5579,0.000807,0.000807
104,14,impedance,waypoint,spiral,gt-noise,0.0,6.0,,1,,10.39,37.3112,20.3985,0,0,0.002715,3.091,0.004159,0.31455,11.4222,1.1925,315.4239,0.0,1.8151,0.002929,0.002929
105,15,impedance,waypoint,spiral,gt-noise,0.0,6.0,,1,,10.33,30.9826,16.1676,0,0,0.002483,3.1997,0.004537,0.313393,11.183,1.1925,309.4665,0.0,1.6246,0.002282,0.002282
106,16,impedance,waypoint,spiral,gt-noise,0.0,6.0,,1,,10.354,34.5327,18.5522,0,0,0.000324,3.1031,0.004604,0.311873,11.1818,1.1963,320.7449,0.0,1.723,0.001163,0.001163
107,17,impedance,waypoint,spiral,gt-noise,0.0,6.0,,1,,10.294,30.4953,15.5206,0,0,0.0024,3.0645,0.00454,0.309309,11.4839,1.1931,316.8467,0.0,1.614,0.002458,0.002458
108,18,impedance,waypoint,spiral,gt-noise,0.0,6.0,,1,,10.256,29.7215,18.9809,0,0,0.002827,3.0872,0.004984,0.310836,11.1458,1.1935,315.5914,0.0,0.0,0.003165,0.003165
109,19,impedance,waypoint,spiral,gt-noise,0.0,6.0,,1,,10.296,30.3756,13.9492,0,0,0.000932,3.1418,0.004889,0.310592,11.1857,1.1932,316.9254,0.0,1.6426,0.00103,0.00103
110,20,impedance,waypoint,spiral,gt-noise,0.0,6.0,,1,,10.292,31.3342,14.5966,0,0,0.000948,3.1858,0.004514,0.311855,11.2334,1.1891,317.4513,0.0,1.5277,0.00094,0.00094
111,21,impedance,waypoint,spiral,gt-noise,0.0,6.0,,1,,10.316,31.0548,13.5227,0,0,0.000946,3.1522,0.004622,0.311981,11.1998,1.1948,309.4378,0.0,1.8406,0.001202,0.001202
112,22,impedance,waypoint,spiral,gt-noise,0.0,6.0,,1,,10.248,29.7985,18.1274,0,0,0.001003,3.1132,0.004369,0.311855,11.4782,1.1926,313.6136,0.0,0.0,0.00148,0.00148
113,23,impedance,waypoint,spiral,gt-noise,0.0,6.0,,1,,10.338,31.4331,16.5923,0,0,0.00114,3.3161,0.004841,0.312081,11.2251,1.1919,311.1818,0.0,1.6522,0.00103,0.00103
114,24,impedance,waypoint,spiral,gt-noise,0.0,6.0,,1,,10.268,30.4639,17.7867,0,0,0.001341,3.2108,0.004614,0.310592,11.1983,1.1959,318.9379,0.0,1.6545,0.001447,0.001447
115,25,impedance,waypoint,spiral,gt-noise,0.0,6.0,,1,,10.37,32.2346,17.1258,0,0,0.002242,3.2967,0.004789,0.312048,11.2621,1.1918,311.289,0.0,1.8483,0.001963,0.001963
116,26,impedance,waypoint,spiral,gt-noise,0.0,6.0,,1,,10.298,31.0535,15.1381,0,0,0.000792,3.2217,0.004441,0.311943,11.2412,1.1912,313.1707,0.0,1.8194,0.001125,0.001125
117,27,impedance,waypoint,spiral,gt-noise,0.0,6.0,,0,force_abort_max_recovery,14.958,41.1828,20.671,11,10,0.003627,1.5686,0.004436,0.311803,11.3583,1.1934,329.1213,0.0,1.6977,0.001814,0.001814
118,28,impedance,waypoint,spiral,gt-noise,0.0,6.0,,1,,10.294,32.0817,14.8526,0,0,0.001048,3.1921,0.004971,0.312115,11.3623,1.1929,311.5539,0.0,1.693,0.001148,0.001148
119,29,impedance,waypoint,spiral,gt-noise,0.0,6.0,,1,,10.352,34.2074,17.3096,0,0,0.00046,3.1483,0.004236,0.311723,11.2029,1.1923,314.1539,0.0,1.67,0.001138,0.001138
120,0,impedance,waypoint,spiral,gt-noise,3.0,6.0,,1,,10.322,31.3194,14.5998,0,0,0.001949,3.3058,0.004299,0.311925,11.1445,1.1955,320.3609,0.0,1.5691,0.001844,0.001844
121,1,impedance,waypoint,spiral,gt-noise,3.0,6.0,,1,,10.302,30.5499,13.6723,0,0,0.003243,3.089,0.004865,0.312204,11.2371,1.1891,309.8746,0.0,1.5499,0.003339,0.003339
122,2,impedance,waypoint,spiral,gt-noise,3.0,6.0,,1,,10.36,32.5153,16.4195,0,0,0.002954,3.0543,0.004517,0.313479,11.254,1.193,311.0968,0.0,1.5928,0.002653,0.002653
123,3,impedance,waypoint,spiral,gt-noise,3.0,6.0,,1,,10.316,38.3279,8.2279,0,0,0.004108,3.4779,0.004743,0.313791,11.3305,1.1922,311.1022,0.0,1.8029,0.006337,0.006337
124,4,impedance,waypoint,spiral,gt-noise,3.0,6.0,,1,,10.28,29.2831,19.6358,0,0,0.003021,3.1063,0.004675,0.312179,11.2617,1.1924,307.2006,0.0,0.0,0.003612,0.003612
125,5,impedance,waypoint,spiral,gt-noise,3.0,6.0,,1,,10.326,36.6043,3.7323,0,0,0.004061,3.5268,0.00472,0.313643,11.1959,1.1895,309.488,0.0,2.0228,0.004804,0.004804
126,6,impedance,waypoint,spiral,gt-noise,3.0,6.0,,1,,10.362,38.5459,19.9026,0,0,0.003981,3.091,0.004735,0.31343,11.4398,1.1927,302.5882,0.0,1.8334,0.003714,0.003714
127,7,impedance,waypoint,spiral,gt-noise,3.0,6.0,,1,,10.324,30.3067,15.0932,0,0,0.002482,3.0173,0.004942,0.312168,11.1776,1.1919,310.3184,0.0,1.7609,0.002455,0.002455
128,8,impedance,waypoint,spiral,gt-noise,3.0,6.0,,1,,10.316,32.9509,5.8737,0,0,0.00408,3.4435,0.004649,0.314037,11.6535,1.3038,323.3389,0.0,1.5318,0.004459,0.004459
129,9,impedance,waypoint,spiral,gt-noise,3.0,6.0,,1,,10.268,30.7854,22.1352,0,0,0.002885,3.0924,0.00432,0.310426,11.2669,1.1926,316.1744,0.0,0.0,0.00327,0.00327
130,10,impedance,waypoint,spiral,gt-noise,3.0,6.0,,1,,10.374,39.8326,20.8724,0,0,0.003146,3.1491,0.004827,0.312126,11.4073,1.1883,315.1703,0.0,1.5765,0.002781,0.002781
131,11,impedance,waypoint,spiral,gt-noise,3.0,6.0,,1,,10.346,32.0183,16.0135,0,0,0.00208,3.2437,0.004637,0.313422,11.179,1.1932,318.1142,0.0,1.5952,0.001947,0.001947
132,12,impedance,waypoint,spiral,gt-noise,3.0,6.0,,1,,10.312,30.8219,14.871,0,0,0.00394,3.0604,0.004992,0.312298,11.1904,1.1905,308.6076,0.0,1.6764,0.004029,0.004029
133,13,impedance,waypoint,spiral,gt-noise,3.0,6.0,,1,,10.298,31.7347,15.5576,0,0,0.00371,3.4078,0.004226,0.313475,11.315,1.1942,318.874,0.0,1.8498,0.003624,0.003624
134,14,impedance,waypoint,spiral,gt-noise,3.0,6.0,,1,,10.39,37.0721,20.4063,0,0,0.00373,3.266,0.004673,0.314914,11.3581,1.1915,312.9961,0.0,2.1974,0.003506,0.003506
135,15,impedance,waypoint,spiral,gt-noise,3.0,6.0,,1,,10.324,33.2335,6.3775,0,0,0.00412,3.3266,0.004068,0.314761,11.2554,1.1914,307.0327,0.0,1.7461,0.005174,0.005174
136,16,impedance,waypoint,spiral,gt-noise,3.0,6.0,,1,,10.354,34.3643,18.3887,0,0,0.002715,3.2808,0.004117,0.313247,11.1848,1.1952,318.3006,0.0,1.753,0.002476,0.002476
137,17,impedance,waypoint,spiral,gt-noise,3.0,6.0,,1,,10.294,30.5241,15.5323,0,0,0.003674,3.5057,0.004457,0.310685,11.4708,1.1921,314.3819,0.0,1.6214,0.003838,0.003838
138,18,impedance,waypoint,spiral,gt-noise,3.0,6.0,,1,,10.256,35.4797,6.8782,0,0,0.004229,3.4527,0.004595,0.312231,11.1757,1.1924,313.1458,0.0,1.6188,0.006002,0.006002
139,19,impedance,waypoint,spiral,gt-noise,3.0,6.0,,1,,10.296,30.1927,13.9987,0,0,0.003457,3.4253,0.004373,0.311987,11.2281,1.1921,314.4748,0.0,1.5144,0.003563,0.003563
140,20,impedance,waypoint,spiral,gt-noise,3.0,6.0,,1,,10.296,31.1583,14.7664,0,0,0.003924,3.845,0.004152,0.313229,11.2312,1.188,315.0087,0.0,1.5972,0.003932,0.003932
141,21,impedance,waypoint,spiral,gt-noise,3.0,6.0,,1,,10.316,31.1363,13.5027,0,0,0.003818,3.5972,0.004369,0.313353,11.1842,1.1937,306.9974,0.0,1.9709,0.00393,0.00393
142,22,impedance,waypoint,spiral,gt-noise,3.0,6.0,,1,,10.248,29.787,18.1181,0,0,0.002105,3.5909,0.004892,0.312216,11.4132,1.1915,311.1666,0.0,0.0,0.002643,0.002643
143,23,impedance,waypoint,spiral,gt-noise,3.0,6.0,,1,,10.348,31.2009,16.7515,0,0,0.003999,3.2344,0.004669,0.313457,11.2023,1.1909,308.7414,0.0,1.7323,0.003876,0.003876
144,24,impedance,waypoint,spiral,gt-noise,3.0,6.0,,1,,10.268,30.4378,17.755,0,0,0.001706,3.3731,0.004263,0.311979,11.1635,1.1948,316.487,0.0,1.5195,0.00208,0.00208
145,25,impedance,waypoint,spiral,gt-noise,3.0,6.0,,1,,10.37,32.6568,5.5734,0,0,0.004087,3.3028,0.004455,0.313421,11.2433,1.1907,308.8471,0.0,1.7375,0.004951,0.004951
146,26,impedance,waypoint,spiral,gt-noise,3.0,6.0,,1,,10.298,31.0179,15.0144,0,0,0.003788,3.5175,0.004948,0.312292,11.221,1.1902,310.7265,0.0,1.7308,0.003937,0.003937
147,27,impedance,waypoint,spiral,gt-noise,3.0,6.0,,0,force_abort_max_recovery,14.872,41.1311,20.6896,11,10,0.004172,1.6068,0.004964,0.312151,11.3406,1.1923,326.6709,0.0,1.7038,0.002148,0.002148
148,28,impedance,waypoint,spiral,gt-noise,3.0,6.0,,1,,10.294,32.0773,14.7797,0,0,0.002881,3.1253,0.00443,0.313505,11.3927,1.1919,309.1145,0.0,1.5824,0.002748,0.002748
149,29,impedance,waypoint,spiral,gt-noise,3.0,6.0,,1,,10.352,34.0434,17.1344,0,0,0.002752,3.3349,0.004733,0.312071,11.1768,1.1913,311.7046,0.0,1.6051,0.00252,0.00252
150,0,impedance,waypoint,spiral,gt-noise,6.0,6.0,,1,,10.322,31.8922,4.1235,0,0,0.004106,4.0238,0.004813,0.312274,11.1241,1.1944,317.9159,0.0,1.6999,0.004776,0.004776
151,1,impedance,waypoint,spiral,gt-noise,6.0,6.0,,1,,10.304,32.1383,7.5416,0,0,0.004117,4.4568,0.004688,0.313581,11.2119,1.188,307.4373,0.0,1.5302,0.006318,0.006318
152,2,impedance,waypoint,spiral,gt-noise,6.0,6.0,,1,,10.35,33.2559,8.2226,0,0,0.004185,4.1331,0.004443,0.314854,11.2437,1.192,308.6655,0.0,1.555,0.005542,0.005542
153,3,impedance,waypoint,spiral,gt-noise,6.0,6.0,,0,force_abort_max_recovery,8.196,51.6122,21.6645,11,10,0.010666,1.0199,0.004445,0.31517,11.3088,1.1911,308.6762,0.0,1.6839,0.009332,0.009332
154,4,impedance,waypoint,spiral,gt-noise,6.0,6.0,,1,,11.286,42.3531,9.0337,2,2,0.003907,4.0646,0.004318,0.313553,11.2403,1.1913,304.7627,0.0,1.9358,0.006442,0.006442
155,5,impedance,waypoint,spiral,gt-noise,6.0,6.0,,1,,13.66,44.4898,11.591,7,7,0.004479,4.5554,0.004649,0.315022,11.1723,1.1884,307.06,0.0,1.935,0.007739,0.007739
156,6,impedance,waypoint,spiral,gt-noise,6.0,6.0,,1,,11.822,40.676,6.2719,3,3,0.004057,4.2494,0.004273,0.314805,11.4363,1.1916,300.1568,0.0,2.1089,0.006641,0.006641
157,7,impedance,waypoint,spiral,gt-noise,6.0,6.0,,1,,10.324,32.1831,7.0416,0,0,0.004097,4.0042,0.004578,0.313542,11.151,1.1908,307.8818,0.0,1.6596,0.005414,0.005414
158,8,impedance,waypoint,spiral,gt-noise,6.0,6.0,,1,,13.126,61.707,10.6115,6,6,0.004882,4.6491,0.004385,0.31541,11.6325,1.3027,320.9122,0.0,1.9918,0.007432,0.007432
159,9,impedance,waypoint,spiral,gt-noise,6.0,6.0,,1,,10.268,26.25,6.277,0,0,0.004006,3.85,0.004863,0.310791,11.2018,1.1915,313.7179,0.0,1.7033,0.005702,0.005702
160,10,impedance,waypoint,spiral,gt-noise,6.0,6.0,,1,,10.346,39.2228,7.5934,0,0,0.004204,4.0052,0.004366,0.313499,11.3854,1.1872,312.7277,0.0,1.8859,0.005659,0.005659
161,11,impedance,waypoint,spiral,gt-noise,6.0,6.0,,1,,10.346,32.2564,16.7125,0,0,0.004292,3.831,0.004243,0.314794,11.1781,1.1921,315.6837,0.0,1.5665,0.004439,0.004439
162,12,impedance,waypoint,spiral,gt-noise,6.0,6.0,,1,,13.12,55.9907,9.7708,6,6,0.004457,4.1435,0.004648,0.313694,11.2076,1.1895,306.1722,0.0,2.0044,0.007016,0.007016
163,13,impedance,waypoint,spiral,gt-noise,6.0,6.0,,1,,13.188,44.6541,7.1444,6,6,0.004683,4.2637,0.004772,0.313837,11.2767,1.1931,316.4422,0.0,1.6776,0.006604,0.006604
164,14,impedance,waypoint,spiral,gt-noise,6.0,6.0,,1,,10.388,38.7664,6.9216,0,0,0.004843,4.111,0.004395,0.316284,11.3418,1.1904,310.5765,0.0,1.7485,0.005831,0.005831
165,15,impedance,waypoint,spiral,gt-noise,6.0,6.0,,1,,13.544,43.7262,12.6603,7,7,0.004354,4.1667,0.004615,0.315139,11.1869,1.1903,304.6077,0.0,1.6511,0.008145,0.008145
166,16,impedance,waypoint,spiral,gt-noise,6.0,6.0,,1,,10.354,36.342,7.7485,0,0,0.004096,3.9792,0.004653,0.31361,11.1267,1.194,315.8646,0.0,1.6141,0.005376,0.005376
167,17,impedance,waypoint,spiral,gt-noise,6.0,6.0,,1,,11.286,41.0052,8.0833,2,2,0.004124,4.0232,0.003895,0.312056,11.4982,1.191,311.926,0.0,1.5992,0.006436,0.006436
168,18,impedance,waypoint,spiral,gt-noise,6.0,6.0,,0,force_abort_max_recovery,8.376,64.6677,20.8002,11,10,0.009828,1.0184,0.004544,0.313605,11.1565,1.1912,310.7096,0.0,1.5941,0.008946,0.008946
169,19,impedance,waypoint,spiral,gt-noise,6.0,6.0,,1,,13.152,45.3646,14.4491,6,6,0.004174,4.1175,0.004927,0.312332,11.1353,1.1909,312.033,0.0,1.9586,0.006506,0.006506
170,20,impedance,waypoint,spiral,gt-noise,6.0,6.0,,1,,13.07,58.0627,9.4303,6,6,0.004453,4.3791,0.004709,0.313594,11.1737,1.1869,312.5749,0.0,1.653,0.006931,0.006931
171,21,impedance,waypoint,spiral,gt-noise,6.0,6.0,,1,,13.132,44.086,8.5415,6,6,0.004738,4.5501,0.004923,0.313719,11.128,1.1926,304.5658,0.0,2.1235,0.006888,0.006888
172,22,impedance,waypoint,spiral,gt-noise,6.0,6.0,,1,,10.246,27.3198,7.0103,0,0,0.003482,3.7428,0.004329,0.313587,11.3913,1.1905,308.7282,0.0,1.5275,0.005457,0.005457
173,23,impedance,waypoint,spiral,gt-noise,6.0,6.0,,1,,13.158,57.5157,9.113,6,6,0.00464,4.5604,0.004182,0.31485,11.2464,1.1898,306.3097,0.0,1.8667,0.006855,0.006855
174,24,impedance,waypoint,spiral,gt-noise,6.0,6.0,,1,,10.282,30.6795,4.7197,0,0,0.004043,3.6801,0.004814,0.312328,11.1457,1.1937,314.0444,0.0,1.5435,0.004956,0.004956
175,25,impedance,waypoint,spiral,gt-noise,6.0,6.0,,1,,13.122,47.5473,10.3986,6,6,0.004429,4.5661,0.003782,0.314802,11.2757,1.1897,306.4141,0.0,1.6477,0.007948,0.007948
176,26,impedance,waypoint,spiral,gt-noise,6.0,6.0,,1,,11.824,41.2049,7.5294,3,3,0.004042,4.183,0.00466,0.313688,11.2421,1.1891,308.2911,0.0,1.6179,0.006909,0.006909
177,27,impedance,waypoint,spiral,gt-noise,6.0,6.0,,0,jam_max_recovery,14.262,40.9618,9.6424,11,10,0.005542,1.789,0.004489,0.313529,11.3254,1.1912,324.2288,0.0,1.7074,0.004892,0.004892
178,28,impedance,waypoint,spiral,gt-noise,6.0,6.0,,1,,10.294,32.5275,7.439,0,0,0.004195,3.822,0.00416,0.314852,11.2683,1.1908,306.6835,0.0,1.6101,0.005638,0.005638
179,29,impedance,waypoint,spiral,gt-noise,6.0,6.0,,1,,10.352,36.5633,8.0378,0,0,0.004123,4.0635,0.004474,0.313449,11.1536,1.1902,309.2637,0.0,1.8134,0.005423,0.005423
180,0,impedance,waypoint,spiral,rgbd,0.0,6.0,,1,,10.294,29.8418,18.263,0,0,0.000636,4.7751,0.004078,0.311731,11.4647,1.1924,311.3278,0.0,0.0,0.001178,0.001178
181,1,impedance,waypoint,spiral,rgbd,0.0,6.0,,1,,10.3,32.8041,18.4986,0,0,0.000629,4.3538,0.004254,0.311627,11.2508,1.1935,326.2134,0.0,0.0,0.001178,0.001178
182,2,impedance,waypoint,spiral,rgbd,0.0,6.0,,1,,10.304,32.2725,19.2507,0,0,0.000623,4.3755,0.004469,0.311774,11.4622,1.1901,313.0272,0.0,0.0,0.001178,0.001178
183,3,impedance,waypoint,spiral,rgbd,0.0,6.0,,1,,10.292,30.532,20.897,0,0,0.000651,4.4796,0.004924,0.310756,11.3563,1.1955,312.3312,0.0,0.0,0.001178,0.001178
184,4,impedance,waypoint,spiral,rgbd,0.0,6.0,,1,,10.154,28.1793,18.0457,0,0,0.00057,4.564,0.004089,0.311889,11.6774,1.3066,302.6373,0.0,0.0,0.001178,0.001178
185,5,impedance,waypoint,spiral,rgbd,0.0,6.0,,1,,10.296,32.2934,18.8443,0,0,0.000614,4.5986,0.004222,0.311772,11.4571,1.1917,315.8024,0.0,0.0,0.001178,0.001178
186,6,impedance,waypoint,spiral,rgbd,0.0,6.0,,1,,10.174,30.1856,17.8154,0,0,0.000607,4.7072,0.00474,0.310919,11.6084,1.305,303.9828,0.0,0.0,0.001178,0.001178
187,7,impedance,waypoint,spiral,rgbd,0.0,6.0,,1,,10.182,28.2711,15.611,0,0,0.000622,4.6417,0.004087,0.311742,11.4531,1.1931,312.7314,0.0,0.0,0.001178,0.001178
188,8,impedance,waypoint,spiral,rgbd,0.0,6.0,,1,,10.184,28.6679,17.4535,0,0,0.000593,4.5958,0.004801,0.310842,11.3833,1.3101,338.3901,0.0,1.654,0.001178,0.001178
189,9,impedance,waypoint,spiral,rgbd,0.0,6.0,,1,,10.274,33.5551,20.9083,0,0,0.000626,4.4794,0.004229,0.311785,11.459,1.1927,312.9785,0.0,0.0,0.001178,0.001178
190,10,impedance,waypoint,spiral,rgbd,0.0,6.0,,1,,10.324,31.8187,18.6995,0,0,0.000657,4.4831,0.00427,0.311862,11.457,1.1945,321.8893,0.0,0.0,0.001178,0.001178
191,11,impedance,waypoint,spiral,rgbd,0.0,6.0,,1,,10.296,29.3211,18.0335,0,0,0.000658,4.2884,0.004935,0.310757,11.4002,1.19,315.9784,0.0,0.0,0.001178,0.001178
192,12,impedance,waypoint,spiral,rgbd,0.0,6.0,,1,,10.176,29.4698,19.5328,0,0,0.000603,4.3355,0.004828,0.310764,11.374,1.194,311.2177,0.0,0.0,0.001178,0.001178
193,13,impedance,waypoint,spiral,rgbd,0.0,6.0,,1,,10.29,32.8271,20.2562,0,0,0.000611,4.4908,0.004946,0.310661,11.1693,1.1933,319.6651,0.0,0.0,0.001178,0.001178
194,14,impedance,waypoint,spiral,rgbd,0.0,6.0,,1,,10.3,33.02,21.2171,0,0,0.000641,4.3813,0.004986,0.310771,11.3748,1.1928,311.0892,0.0,0.0,0.001178,0.001178
195,15,impedance,waypoint,spiral,rgbd,0.0,6.0,,1,,10.18,32.2822,22.5871,0,0,0.000619,4.132,0.004279,0.311753,11.4679,1.1919,313.7329,0.0,0.0,0.001178,0.001178
196,16,impedance,waypoint,spiral,rgbd,0.0,6.0,,1,,10.294,32.0295,20.0222,0,0,0.000659,4.4505,0.004893,0.310672,11.1705,1.1957,319.9088,0.0,0.0,0.001178,0.001178
197,17,impedance,waypoint,spiral,rgbd,0.0,6.0,,1,,10.276,31.9315,21.4547,0,0,0.000609,4.4111,0.004206,0.311754,11.4535,1.1905,313.4841,0.0,0.0,0.001178,0.001178
198,18,impedance,waypoint,spiral,rgbd,0.0,6.0,,1,,10.298,32.2383,17.0606,0,0,0.000656,4.4439,0.004352,0.311802,11.4281,1.1918,323.2215,0.0,0.0,0.001178,0.001178
199,19,impedance,waypoint,spiral,rgbd,0.0,6.0,,1,,10.28,30.5921,19.5608,0,0,0.000622,4.5414,0.004143,0.311739,11.4404,1.1931,308.6492,0.0,0.0,0.001178,0.001178
200,20,impedance,waypoint,spiral,rgbd,0.0,6.0,,1,,10.302,31.4253,20.5483,0,0,0.000634,4.3561,0.004127,0.311786,11.4326,1.1937,311.6253,0.0,0.0,0.001178,0.001178
201,21,impedance,waypoint,spiral,rgbd,0.0,6.0,,1,,10.27,31.4178,18.6319,0,0,0.000606,4.5005,0.004991,0.310767,11.3938,1.1931,311.4345,0.0,0.0,0.001178,0.001178
202,22,impedance,waypoint,spiral,rgbd,0.0,6.0,,1,,10.298,33.6794,19.0108,0,0,0.000653,4.5666,0.004949,0.310739,11.3714,1.1908,311.5697,0.0,0.0,0.001178,0.001178
203,23,impedance,waypoint,spiral,rgbd,0.0,6.0,,1,,10.298,32.2625,20.7639,0,0,0.000615,4.6092,0.004052,0.311711,11.2508,1.1955,315.7676,0.0,0.0,0.001178,0.001178
204,24,impedance,waypoint,spiral,rgbd,0.0,6.0,,1,,10.306,32.5665,18.5013,0,0,0.000628,4.6042,0.004932,0.310668,11.187,1.1949,319.529,0.0,0.0,0.001178,0.001178
205,25,impedance,waypoint,spiral,rgbd,0.0,6.0,,1,,10.294,31.8127,19.9075,0,0,0.000655,4.3608,0.004973,0.310664,11.1859,1.1922,311.347,0.0,0.0,0.001178,0.001178
206,26,impedance,waypoint,spiral,rgbd,0.0,6.0,,1,,10.172,28.2349,19.1933,0,0,0.000616,4.4131,0.004985,0.310628,11.1833,1.1907,309.3046,0.0,0.0,0.001178,0.001178
207,27,impedance,waypoint,spiral,rgbd,0.0,6.0,,1,,10.162,30.6418,20.7158,0,0,0.000571,4.6197,0.00494,0.310569,11.0963,1.1953,323.5319,0.0,0.0,0.001178,0.001178
208,28,impedance,waypoint,spiral,rgbd,0.0,6.0,,1,,10.316,32.7159,19.3249,0,0,0.000649,4.2381,0.004764,0.310702,11.2071,1.1941,330.0442,0.0,0.0,0.001178,0.001178
209,29,impedance,waypoint,spiral,rgbd,0.0,6.0,,1,,10.296,33.349,22.4918,0,0,0.000642,4.5281,0.004979,0.31074,11.3607,1.1918,310.8474,0.0,0.0,0.001178,0.001178
210,0,impedance,waypoint,spiral,rgbd,3.0,6.0,,1,,10.294,29.5457,17.9818,0,0,0.003104,3.9748,0.004597,0.312107,11.4011,1.1913,308.8853,0.0,0.0,0.002153,0.002153
211,1,impedance,waypoint,spiral,rgbd,3.0,6.0,,1,,10.3,32.4291,18.3863,0,0,0.003123,3.9229,0.004785,0.31199,11.1886,1.1924,323.7714,0.0,0.0,0.002153,0.002153
212,2,impedance,waypoint,spiral,rgbd,3.0,6.0,,1,,10.304,32.2565,19.4601,0,0,0.003084,4.1246,0.003677,0.313122,11.4904,1.189,310.5859,0.0,0.0,0.002153,0.002153
213,3,impedance,waypoint,spiral,rgbd,3.0,6.0,,1,,10.292,30.8904,20.6824,0,0,0.003078,4.1633,0.004618,0.312148,11.3833,1.1944,309.8892,0.0,0.0,0.002153,0.002153
214,4,impedance,waypoint,spiral,rgbd,3.0,6.0,,1,,10.154,28.1694,18.2202,0,0,0.002923,3.9234,0.004596,0.312264,11.5676,1.3056,300.1959,0.0,0.0,0.002153,0.002153
215,5,impedance,waypoint,spiral,rgbd,3.0,6.0,,1,,10.296,32.2581,18.9863,0,0,0.003073,3.7452,0.004728,0.312159,11.427,1.1907,313.3602,0.0,0.0,0.002153,0.002153
216,6,impedance,waypoint,spiral,rgbd,3.0,6.0,,1,,10.174,30.1603,17.8687,0,0,0.002942,3.8336,0.004433,0.312311,11.6377,1.3039,301.5419,0.0,0.0,0.002153,0.002153
217,7,impedance,waypoint,spiral,rgbd,3.0,6.0,,1,,10.182,26.7039,15.4846,0,0,0.002944,3.9154,0.004608,0.312114,11.3893,1.192,310.2883,0.0,0.0,0.002153,0.002153
218,8,impedance,waypoint,spiral,rgbd,3.0,6.0,,1,,10.184,28.6256,17.5193,0,0,0.002915,4.1972,0.004407,0.312238,11.3952,1.309,335.9475,0.0,1.654,0.002153,0.002153
219,9,impedance,waypoint,spiral,rgbd,3.0,6.0,,1,,10.274,33.5165,20.4301,0,0,0.003097,4.046,0.004751,0.312153,11.3887,1.1917,310.5373,0.0,0.0,0.002153,0.002153
220,10,impedance,waypoint,spiral,rgbd,3.0,6.0,,1,,10.324,31.7741,18.7789,0,0,0.003099,3.988,0.004784,0.312243,11.4267,1.1934,319.4471,0.0,0.0,0.002153,0.002153
221,11,impedance,waypoint,spiral,rgbd,3.0,6.0,,1,,10.31,32.5339,17.8549,0,0,0.003076,3.7265,0.004668,0.312149,11.4247,1.1889,313.5363,0.0,0.0,0.002153,0.002153
222,12,impedance,waypoint,spiral,rgbd,3.0,6.0,,1,,10.176,29.4662,19.5255,0,0,0.002964,3.943,0.004405,0.312155,11.4003,1.1929,308.7745,0.0,0.0,0.002153,0.002153
223,13,impedance,waypoint,spiral,rgbd,3.0,6.0,,1,,10.29,32.8214,20.2462,0,0,0.003105,3.9984,0.004608,0.312072,11.2326,1.1922,317.2236,0.0,0.0,0.002153,0.002153
224,14,impedance,waypoint,spiral,rgbd,3.0,6.0,,1,,10.3,32.4377,21.0074,0,0,0.003119,4.1123,0.004647,0.312161,11.4011,1.1918,308.6474,0.0,0.0,0.002153,0.002153
225,15,impedance,waypoint,spiral,rgbd,3.0,6.0,,1,,10.18,32.2505,22.5451,0,0,0.002929,4.2073,0.0048,0.312121,11.4026,1.1909,311.2903,0.0,0.0,0.002153,0.002153
226,16,impedance,waypoint,spiral,rgbd,3.0,6.0,,1,,10.294,31.9962,19.9881,0,0,0.003109,4.3773,0.004591,0.312063,11.2046,1.1946,317.4674,0.0,0.0,0.002153,0.002153
227,17,impedance,waypoint,spiral,rgbd,3.0,6.0,,1,,10.276,31.9233,21.4442,0,0,0.003108,4.2559,0.004737,0.312116,11.3877,1.1895,311.0425,0.0,0.0,0.002153,0.002153
228,18,impedance,waypoint,spiral,rgbd,3.0,6.0,,1,,10.298,32.2297,17.0532,0,0,0.003073,4.2497,0.004878,0.312166,11.3807,1.1907,320.78,0.0,0.0,0.002153,0.002153
229,19,impedance,waypoint,spiral,rgbd,3.0,6.0,,1,,10.28,30.5614,19.52,0,0,0.003086,4.389,0.004661,0.312111,11.3725,1.1921,306.2072,0.0,0.0,0.002153,0.002153
230,20,impedance,waypoint,spiral,rgbd,3.0,6.0,,1,,10.302,31.4197,19.9423,0,0,0.003129,4.2274,0.004655,0.312148,11.3642,1.1927,309.1847,0.0,0.0,0.002153,0.002153
231,21,impedance,waypoint,spiral,rgbd,3.0,6.0,,1,,10.27,31.4125,18.5784,0,0,0.003066,4.0978,0.00464,0.312158,11.4236,1.192,308.9924,0.0,0.0,0.002153,0.002153
232,22,impedance,waypoint,spiral,rgbd,3.0,6.0,,1,,10.298,33.6455,18.9772,0,0,0.003098,3.8419,0.00467,0.312131,11.3942,1.1898,309.1286,0.0,0.0,0.002153,0.002153
233,23,impedance,waypoint,spiral,rgbd,3.0,6.0,,1,,10.298,32.2296,21.0583,0,0,0.00307,3.9462,0.004562,0.312098,11.2199,1.1944,313.3267,0.0,0.0,0.002153,0.002153
234,24,impedance,waypoint,spiral,rgbd,3.0,6.0,,1,,10.306,32.7073,18.5241,0,0,0.003078,4.1177,0.004593,0.31206,11.2217,1.1938,317.0873,0.0,0.0,0.002153,0.002153
235,25,impedance,waypoint,spiral,rgbd,3.0,6.0,,1,,10.294,31.8779,18.9181,0,0,0.003134,4.151,0.004484,0.312055,11.2122,1.1912,308.9053,0.0,0.0,0.002153,0.002153
236,26,impedance,waypoint,spiral,rgbd,3.0,6.0,,1,,10.172,28.2123,19.1848,0,0,0.002867,4.1261,0.004818,0.312019,11.2082,1.1896,306.8627,0.0,0.0,0.002153,0.002153
237,27,impedance,waypoint,spiral,rgbd,3.0,6.0,,1,,10.162,30.6023,20.2589,0,0,0.002894,4.3361,0.004654,0.311959,11.1321,1.1942,321.0886,0.0,0.0,0.002153,0.002153
238,28,impedance,waypoint,spiral,rgbd,3.0,6.0,,1,,10.316,31.1956,18.8258,0,0,0.003116,4.5492,0.004655,0.312113,11.2677,1.1929,327.6027,0.0,0.0,0.002153,0.002153
239,29,impedance,waypoint,spiral,rgbd,3.0,6.0,,1,,10.296,33.3361,22.4809,0,0,0.003109,4.5664,0.004658,0.31213,11.3847,1.1907,308.4056,0.0,0.0,0.002153,0.002153
240,0,impedance,waypoint,spiral,rgbd,6.0,6.0,,1,,10.294,30.9013,12.2202,0,0,0.003125,4.9245,0.00437,0.313481,11.38,1.1903,306.4515,0.0,1.6295,0.005088,0.005088
241,1,impedance,waypoint,spiral,rgbd,6.0,6.0,,1,,10.3,31.9855,12.1763,0,0,0.003919,4.8746,0.004556,0.313361,11.1727,1.1913,321.3382,0.0,1.8508,0.005088,0.005088
242,2,impedance,waypoint,spiral,rgbd,6.0,6.0,,1,,10.29,30.5681,12.2368,0,0,0.003166,4.9295,0.004189,0.313507,11.3733,1.1879,308.1533,0.0,1.6524,0.005088,0.005088
243,3,impedance,waypoint,spiral,rgbd,6.0,6.0,,1,,10.292,30.9245,12.1,0,0,0.003948,4.6509,0.004383,0.31352,11.3671,1.1933,307.456,0.0,1.9916,0.005088,0.005088
244,4,impedance,waypoint,spiral,rgbd,6.0,6.0,,1,,10.152,36.4048,7.5466,0,0,0.00249,4.5953,0.004259,0.313652,11.6084,1.3045,297.7631,0.0,1.6407,0.005088,0.005088
245,5,impedance,waypoint,spiral,rgbd,6.0,6.0,,1,,10.296,30.2946,12.2187,0,0,0.003111,4.861,0.004427,0.313532,11.4049,1.1897,310.9267,0.0,1.7271,0.005088,0.005088
246,6,impedance,waypoint,spiral,rgbd,6.0,6.0,,1,,10.164,38.0177,7.5176,0,0,0.002197,4.6566,0.004991,0.312657,11.545,1.3028,299.1097,0.0,1.556,0.005088,0.005088
247,7,impedance,waypoint,spiral,rgbd,6.0,6.0,,1,,10.18,39.415,7.8701,0,0,0.002528,4.7827,0.004317,0.31346,11.2549,1.1909,307.8539,0.0,1.7395,0.005088,0.005088
248,8,impedance,waypoint,spiral,rgbd,6.0,6.0,,1,,10.184,32.774,7.2038,0,0,0.003322,4.7733,0.00494,0.31262,11.3866,1.3078,333.5135,0.0,1.7831,0.005088,0.005088
249,9,impedance,waypoint,spiral,rgbd,6.0,6.0,,1,,10.252,32.1345,12.2026,0,0,0.002018,4.7407,0.004281,0.313525,11.368,1.1906,308.1048,0.0,1.7932,0.005088,0.005088
250,10,impedance,waypoint,spiral,rgbd,6.0,6.0,,1,,10.304,30.0546,12.1465,0,0,0.003953,4.5845,0.0044,0.313615,11.409,1.1922,317.0135,0.0,1.5462,0.005088,0.005088
251,11,impedance,waypoint,spiral,rgbd,6.0,6.0,,1,,11.804,41.5289,22.0657,3,3,0.00404,4.3744,0.004409,0.313521,11.4056,1.1878,311.1029,0.0,1.7807,0.005088,0.005088
252,12,impedance,waypoint,spiral,rgbd,6.0,6.0,,1,,10.176,34.9189,7.6525,0,0,0.002432,3.9844,0.004982,0.312484,11.2993,1.1918,306.34,0.0,1.7141,0.005088,0.005088
253,13,impedance,waypoint,spiral,rgbd,6.0,6.0,,1,,10.258,30.0558,12.114,0,0,0.003132,4.2906,0.004222,0.313444,11.2193,1.191,314.7907,0.0,1.7993,0.005088,0.005088
254,14,impedance,waypoint,spiral,rgbd,6.0,6.0,,1,,10.276,30.1933,12.1716,0,0,0.003154,4.1238,0.00441,0.313533,11.3818,1.1907,306.2144,0.0,2.0392,0.005088,0.005088
255,15,impedance,waypoint,spiral,rgbd,6.0,6.0,,1,,10.178,37.2575,7.862,0,0,0.001914,4.1749,0.004335,0.313494,11.3833,1.1898,308.8564,0.0,1.515,0.005088,0.005088
256,16,impedance,waypoint,spiral,rgbd,6.0,6.0,,1,,10.294,31.3051,12.138,0,0,0.003919,3.9878,0.004396,0.313437,11.1948,1.1935,315.0347,0.0,1.5419,0.005088,0.005088
257,17,impedance,waypoint,spiral,rgbd,6.0,6.0,,1,,10.272,34.4546,12.2638,0,0,0.003099,4.0348,0.004446,0.313488,11.3652,1.1884,308.6095,0.0,1.8144,0.005088,0.005088
258,18,impedance,waypoint,spiral,rgbd,6.0,6.0,,1,,10.296,30.583,12.1217,0,0,0.003906,4.294,0.004603,0.313543,11.3649,1.1896,318.3471,0.0,1.9292,0.005088,0.005088
259,19,impedance,waypoint,spiral,rgbd,6.0,6.0,,1,,10.28,37.1178,12.1458,0,0,0.003172,4.1325,0.004096,0.313483,11.3567,1.191,303.774,0.0,1.515,0.005088,0.005088
260,20,impedance,waypoint,spiral,rgbd,6.0,6.0,,1,,10.29,30.8871,12.1409,0,0,0.003959,3.9923,0.004424,0.313519,11.3426,1.1916,306.7529,0.0,1.5042,0.005088,0.005088
261,21,impedance,waypoint,spiral,rgbd,6.0,6.0,,1,,10.27,30.3441,12.1821,0,0,0.003104,4.3071,0.004437,0.313532,11.4076,1.1909,306.559,0.0,1.5779,0.005088,0.005088
262,22,impedance,waypoint,spiral,rgbd,6.0,6.0,,1,,10.276,32.2606,12.1001,0,0,0.003096,3.9801,0.004391,0.313503,11.3725,1.1887,306.6961,0.0,2.1676,0.005088,0.005088
263,23,impedance,waypoint,spiral,rgbd,6.0,6.0,,1,,11.812,41.9698,21.7832,3,3,0.004034,3.9405,0.004324,0.313472,11.2092,1.1932,310.8945,0.0,1.905,0.005088,0.005088
264,24,impedance,waypoint,spiral,rgbd,6.0,6.0,,1,,10.3,29.6022,11.9745,0,0,0.003955,3.9788,0.004317,0.313432,11.2095,1.1927,314.6542,0.0,2.1228,0.005088,0.005088
265,25,impedance,waypoint,spiral,rgbd,6.0,6.0,,1,,10.282,30.5845,12.1619,0,0,0.003121,4.0767,0.004365,0.313428,11.1854,1.1902,306.4724,0.0,1.5332,0.005088,0.005088
266,26,impedance,waypoint,spiral,rgbd,6.0,6.0,,1,,10.15,36.7497,8.2885,0,0,0.002434,4.1017,0.004331,0.31339,11.1787,1.1887,304.4294,0.0,1.769,0.005088,0.005088
267,27,impedance,waypoint,spiral,rgbd,6.0,6.0,,1,,10.162,37.9079,8.0762,0,0,0.002187,4.1032,0.004335,0.313331,11.1198,1.1931,318.654,0.0,1.6839,0.005088,0.005088
268,28,impedance,waypoint,spiral,rgbd,6.0,6.0,,1,,10.298,36.6199,12.3598,0,0,0.00315,4.1003,0.004585,0.313485,11.2523,1.1918,325.1699,0.0,1.7551,0.005088,0.005088
269,29,impedance,waypoint,spiral,rgbd,6.0,6.0,,1,,10.266,30.2337,12.2027,0,0,0.003144,4.2075,0.004429,0.313476,11.2461,1.1896,305.9724,0.0,2.0021,0.005088,0.005088
